{"cameraMode":{"drawMode":0,"name":"Shaded","section":"Shading Mode"},"sceneLighting":true,"audioPlay":false,"sceneViewState":{"showFog":true,"showMaterialUpdate":false,"showSkybox":true,"showFlares":true,"showImageEffects":true,"showParticleSystems":true},"in2DMode":false,"pivot":{"x":-3.4057888984680177,"y":-1.6761879920959473,"z":9.71514892578125},"rotation":{"x":0.21136440336704255,"y":-0.09104768186807633,"z":0.019778843969106675,"w":0.9729797840118408},"size":14.162403106689454,"orthographic":false}