{"cameraMode":{"drawMode":0,"name":"Shaded","section":"Shading Mode"},"sceneLighting":true,"audioPlay":false,"sceneViewState":{"showFog":true,"showMaterialUpdate":false,"showSkybox":true,"showFlares":true,"showImageEffects":true,"showParticleSystems":true},"in2DMode":false,"pivot":{"x":0.10806024074554444,"y":1.2293829917907715,"z":1.0808019638061524},"rotation":{"x":0.3097366392612457,"y":0.2755281925201416,"z":-0.0942869484424591,"w":0.9051339626312256},"size":13.884410858154297,"orthographic":false}