{"cameraMode":{"drawMode":0,"name":"Shaded","section":"Shading Mode"},"sceneLighting":false,"audioPlay":false,"sceneViewState":{"showFog":true,"showMaterialUpdate":false,"showSkybox":false,"showFlares":true,"showImageEffects":true,"showParticleSystems":true},"in2DMode":false,"pivot":{"x":0.8326568603515625,"y":-5.509004592895508,"z":3.0265159606933595},"rotation":{"x":0.10323373228311539,"y":-0.3111075460910797,"z":0.03402993828058243,"w":0.944159984588623},"size":34.18782424926758,"orthographic":false}